.phnx/encrypted/-home-maggy-SE-project_3-SE_Project_3-src-phoenix-Observation-watchDir-me.tar.gz.gpg,1kyun8-kj4TQ-Is7jcyO2N-dpdtifgTGf,2024-04-24 19:05:08.863933
.phnx/encrypted/-home-maggy-SE-project_3-SE_Project_3-src-phoenix-Observation-watchDir-me.tar.gz.gpg,1PSrPRb1mXALgRElRHEYbbZbt8gDJaRFR,2024-04-24 19:05:10.970613
.phnx/encrypted/-home-maggy-SE-project_3-SE_Project_3-src-phoenix-Observation-watchDir-me.tar.gz.gpg,1lIEdNf37cdC6gyWW_yvtsxIwyeRPLwwJ,2024-04-24 19:05:13.059397
.phnx/encrypted/-home-maggy-SE-project_3-SE_Project_3-src-phoenix-Observation-watchDir-me.tar.gz.gpg,1Ldp7gBu-giAtM0Tpym3qsblrN4Dk_5lF,2024-04-24 19:05:15.150147.phnx/encrypted/-home-adyanshk-Personal-courses-SE-SE_Project_3-src-phoenix-Observation-watchDir2-2.tar.gz.gpg,17hILak7EjmYNOHP_aq-3q3_9qza-EL5i,2024-04-24 23:47:24.871073
.phnx/encrypted/-home-adyanshk-Personal-courses-SE-SE_Project_3-src-phoenix-Observation-watchDir2-2.tar.gz.gpg,1D_h83nDD7nb8GR4WO0av_uBWt39K2WkY,2024-04-24 23:47:26.783871
.phnx/encrypted/-home-adyanshk-Personal-courses-SE-SE_Project_3-src-phoenix-Observation-watchDir2-2.tar.gz.gpg,1fR5IEMyoT85dM4hKrvKLNATorXv0CApW,2024-04-24 23:47:28.830885
.phnx/encrypted/-home-adyanshk-Personal-courses-SE-SE_Project_3-src-phoenix-Observation-watchDir2-2.tar.gz.gpg,1v1rGblaYi3cm6s_KSqwsYuW-Lm32gpiS,2024-04-24 23:47:30.762781
.phnx/encrypted/-home-adyanshk-Personal-courses-SE-SE_Project_3-src-phoenix-Observation-watchDir2-2.tar.gz.gpg,1Ny5b9gtjnUIteH_RvcUpUtYj07nYe3Ki,2024-04-24 23:47:32.625022
.phnx/encrypted/-home-adyanshk-Personal-courses-SE-SE_Project_3-src-phoenix-Observation-watchDir2-2.tar.gz.gpg,1dmXanbDWucWHbkFDuy971CbfJkKDYzXR,2024-04-24 23:47:34.568781
.phnx/encrypted/-home-adyanshk-Personal-courses-SE-SE_Project_3-src-phoenix-Observation-watchDir2-2.tar.gz.gpg,1VDCZsUWhbzZSr2SxK7Usl-7SOcHJ_Z8X,2024-04-24 23:47:36.205231
.phnx/encrypted/-home-adyanshk-Personal-courses-SE-SE_Project_3-src-phoenix-Observation-watchDir2-2.tar.gz.gpg,1OQaYRxwG33xiAFy3HWXuX31Jepl5u7GS,2024-04-24 23:47:38.250239
.phnx/encrypted/-home-adyanshk-Personal-courses-SE-SE_Project_3-src-phoenix-Observation-watchDir2-2.tar.gz.gpg,1vqMTFSQ2gxt29lLxPzRpIUTztNASd8bB,2024-04-24 23:47:48.806581
.phnx/encrypted/-home-adyanshk-Personal-courses-SE-SE_Project_3-src-phoenix-Observation-watchDir2-1.tar.gz.gpg,1Vn0WWe7LL5W9sl4YqPCiHOGJZIGcESl0,2024-04-24 23:47:51.056780
